Feature_1,Feature_2,Feature_3,Feature_4
-1.5567064053859094,-1.939659824304854,-1.7807940075223943,-1.9551777551600025
-1.9243862085323684,-1.5957786153796987,-1.6563542202421422,-1.7252419030312611
-2.0947097919949162,-1.7879351306417723,-1.8366032496319797,-1.8526827198892244
-1.9646780550950207,-1.5398271655159101,-1.812151950481656,-1.9048528125230693
-2.2284787238045762,-1.881802762679539,-1.6887461519273734,-1.698276227212676
