CSP_Feature_1,CSP_Feature_2,CSP_Feature_3,CSP_Feature_4,CSP_Feature_5,CSP_Feature_6,CSP_Feature_7,CSP_Feature_8
-1.5567064053859094,-1.939659824304854,-1.7807940075223943,-1.9551777551600025,-1.4897747474191878,-1.935504058541257,-1.6062576660034833,-1.855951373908148
-1.9243862085323684,-1.5957786153796987,-1.6563542202421422,-1.7252419030312611,-1.6893707877325608,-1.9068942721490527,-1.719916734103316,-1.6978574600566054
-2.0947097919949162,-1.7879351306417723,-1.8366032496319797,-1.8526827198892244,-1.294543825553777,-1.8995524570315871,-1.4488444604093398,-2.1484219849830195
-1.9646780550950207,-1.5398271655159101,-1.812151950481656,-1.9048528125230693,-1.6903360164948684,-1.8446530188855206,-2.2972706534179124,-2.3185308301884966
-2.2284787238045762,-1.881802762679539,-1.6887461519273734,-1.698276227212676,-2.290354090590519,-1.7807007068594123,-1.6565539305668298,-1.8498358878844727
