Prediction,Confidence
2,0.7646459
2,0.72131515
2,0.7514875
2,0.7284974
2,0.75889456
