CSP_1,CSP_2,CSP_3,CSP_4
0.4394520807828194,-0.3654301216508116,0.9193543647281492,-0.9891811571055795
0.20277078828833975,0.3943292330177526,-0.19886911831183973,-1.0682187207735807
-0.17615996092889424,-0.3216164488769263,-0.2346841183614534,-1.2330673261111815
0.08315238356927465,-0.6259572187159955,-0.40021891259468145,-0.8860969528085243
-0.08623422792133875,-0.9278070892179752,0.09201028821315117,-0.9381385851940219
2.1332709648428114,-0.35122717615209165,0.27211809938105774,-0.9156377298478279
