CSP_1,CSP_2,CSP_3,CSP_4
-1.0522348970659587,-0.4281626567034297,-1.03466825900904,0.3406939531566273
-1.6091960418341968,0.8027873723350047,-1.2283545293250469,-1.1530897657083794
-1.7876132107461622,0.1710631110225711,-0.479562283775675,-0.800862090878718
-0.1502382234653647,-0.8570022914562812,-1.4661665019755288,-1.0150747967172289
-1.3661427673995896,0.0113690415639258,0.6450942214536133,-0.8451863163822233
-1.0034704325699555,-0.7631338501645762,1.486813075138557,-0.3367960701630377
