,CSP_1,CSP_2,CSP_3,CSP_4
count,30.0,30.0,30.0,30.0
mean,-0.8726437999675688,-0.3616416667372348,-0.16721221812680123,-0.6370498074757068
std,1.164657874162859,0.9735333452145664,0.8746455456817193,0.7824387797396753
min,-2.3751934424298615,-1.8970851954665604,-1.5325728303442292,-1.588702372636546
25%,-1.9501570484365036,-1.058180936730976,-0.9871088212409905,-1.2032403130727862
50%,-1.0427082755178132,-0.1942723009927684,-0.16157669107996864,-0.7229195976299787
75%,-0.14106947354842153,0.31195294294083314,0.4329142535496189,-0.2970538712162679
max,1.8270548054512263,1.333418446110972,1.8024141204746744,2.26346549401449
